Your Name,Email Address
Nick Loudas,loudas@princeton.edu
Michael Strauss,strauss@astro.princeton.edu
Hanpu Liu,hanpu.liu@princeton.edu
Zack Andalman,za9132@princeton.edu
Mila Winter,milawinter@princeton.edu
Caleb Lammers,cl5968@princeton.edu
Eliot Quataert,quataert@princeton.edu
Rostom Mbarek,rmbarek@princeton.edu
Aleksandr Rusakov,sasha.rusakov@princeton.edu
Chris Hamilton,chamilton@princeton.edu
Taya Govreen-Segal,taya@govreensegal.com
Matthew Goodbred,mgoodbred@princeton.edu
Anatoly Spitkovsky,anatoly@princeton.edu
James Sunseri,js7501@princeton.edu
Lengying Khoo,lykhoo@princeton.edu
Barak Rom,barak.rom@princeton.edu
